<odoo>
	<data noupdate="1">
		<record id="seq_sekolah_siswa_nis" model="ir.sequence">
			<field name="name">NIS Siswa</field>
			<field name="code">sekolah.siswa.nis</field>
			<field name="prefix">NIS%(y)s</field>
			<field name="padding">4</field>
			<field name="company_id" eval="False"/>
		</record>

		<record id="seq_sekolah_guru_nip" model="ir.sequence">
			<field name="name">NIP Guru</field>
			<field name="code">sekolah.guru.nip</field>
			<field name="prefix">NIP%(y)s</field>
			<field name="padding">4</field>
			<field name="company_id" eval="False"/>
		</record>
	</data>
</odoo>
