id,name,model_id:id,group_id:id,perm_read,perm_write,perm_create,perm_unlink
access_sekolah_kelas_user,sekolah.kelas.user,model_sekolah_kelas,sekolah.group_sekolah_user,1,1,1,0
access_sekolah_siswa_user,sekolah.siswa.user,model_sekolah_siswa,sekolah.group_sekolah_user,1,1,1,0
access_sekolah_guru_user,sekolah.guru.user,model_sekolah_guru,sekolah.group_sekolah_user,1,1,1,0
access_sekolah_mapel_user,sekolah.mapel.user,model_sekolah_mapel,sekolah.group_sekolah_user,1,1,1,0
access_sekolah_jadwal_user,sekolah.jadwal.user,model_sekolah_jadwal,sekolah.group_sekolah_user,1,1,1,0
access_sekolah_kelas_internal,sekolah.kelas.internal,model_sekolah_kelas,base.group_user,1,0,0,0
access_sekolah_siswa_internal,sekolah.siswa.internal,model_sekolah_siswa,base.group_user,1,0,0,0
access_sekolah_guru_internal,sekolah.guru.internal,model_sekolah_guru,base.group_user,1,0,0,0
access_sekolah_mapel_internal,sekolah.mapel.internal,model_sekolah_mapel,base.group_user,1,0,0,0
access_sekolah_jadwal_internal,sekolah.jadwal.internal,model_sekolah_jadwal,base.group_user,1,0,0,0

access_sekolah_kelas_manager,sekolah.kelas.manager,model_sekolah_kelas,sekolah.group_sekolah_manager,1,1,1,1
access_sekolah_siswa_manager,sekolah.siswa.manager,model_sekolah_siswa,sekolah.group_sekolah_manager,1,1,1,1
access_sekolah_guru_manager,sekolah.guru.manager,model_sekolah_guru,sekolah.group_sekolah_manager,1,1,1,1
access_sekolah_mapel_manager,sekolah.mapel.manager,model_sekolah_mapel,sekolah.group_sekolah_manager,1,1,1,1
access_sekolah_jadwal_manager,sekolah.jadwal.manager,model_sekolah_jadwal,sekolah.group_sekolah_manager,1,1,1,1